pair,chi2,dof,p_value,p_value_bonferroni,cramers_v
nyc vs chicago,489.13699617389125,2,6.098890463571533e-107,1.8296671390714598e-106,0.07468064005999625
nyc vs boston,7746.989069309635,2,0.0,0.0,0.32906361370646886
chicago vs boston,3992.9761130679435,2,0.0,0.0,0.2846309772540054
