city,initial_failed,followup_pairs,reinspection_rate,recovery_pass_count,recovery_rate,still_fail_count,conditional_count,median_days_between,mean_days_between
nyc,22959,7947,0.3461387691101529,5176,0.6513149616207374,1096,1675,40.0,39.8233295583239
chicago,15482,9515,0.6145846789820436,7620,0.8008407777193904,978,917,7.0,10.525906463478718
boston,10838,9314,0.8593836501199483,6613,0.7100064419153962,1756,945,7.0,10.054112089327894
